pitcher,player_name,xfp_v8_5,cohort,weight_2026,xfp_v8,xfp_v8_1,xfp_v7,xfp_v6,xfp_v5,gs_2026,fp_per_start_actual_2026,k_pct_2026,delta_v8_5_v8_1,stuff_pred_no_ip,stuff_xfp,ip_premium,rolling_ip_last5,ip_trend_score,ip_trend
434378,"Verlander, Justin",10.240577117620496,2025_only,0.0,10.382883175695987,10.382883175695987,10.859012678106833,10.55467324852792,10.796315618268514,,,,-0.1423060580754924,-6.80166507450063,10.327682725931025,-0.0871056083105266,5.933333333333334,0.39182139814602923,NORMAL
450203,"Morton, Charlie",10.075567542041,2025_only,0.0,9.628098622366563,9.628098622366563,9.662104213007908,9.753892145186894,9.553062787489065,,,,0.4474689196744368,-7.209282946612347,9.920064853819303,0.155502688221695,,,NORMAL
453286,"Scherzer, Max",9.036687866923284,blended,0.1981566820276497,9.485835088416776,8.431761316649256,10.135215128626822,10.174212417939872,9.9816273086364,5.0,0.0599999999999994,0.1071428571428571,0.604926550274028,-8.121684129040233,9.00766367139142,0.0290241955318641,4.066666666666667,-0.0512647352926349,NORMAL
477132,"Kershaw, Clayton",10.12722744943021,2025_only,0.0,11.465394459004363,11.465394459004363,11.201618873300632,11.268360656075446,11.343549938779772,,,,-1.3381670095741534,-6.5653137108626405,10.564034089569011,-0.4368066401388031,,,NORMAL
500779,"Quintana, Jose",7.29186716772837,blended,0.160108024691358,7.9463886375032,7.818078643647126,7.467136629592167,7.811857013037311,7.662908751177802,5.0,7.039999999999999,0.1142857142857142,-0.5262114759187559,-9.45000317900944,7.679344621422214,-0.3874774536938439,4.333333333333334,-1.604532467736714,LOW
506433,"Darvish, Yu",11.982754005480691,2025_only,0.0,12.124739079177552,12.124739079177552,11.91473735223941,11.581159780956895,11.864984750968768,,,,-0.1419850736968584,-5.544743275609167,11.584604524822485,0.3981494806582066,,,NORMAL
518876,"Kelly, Merrill",9.969788435948148,blended,0.1195652173913043,10.65006806952256,9.127969514487056,11.528053731857057,11.563169625663988,11.50561329106431,4.0,-2.4000000000000017,0.1414141414141414,0.8418189214610923,-7.976283654222845,9.153064146208807,0.8167242897393407,4.2,-0.8887389332730037,LOW
519242,"Sale, Chris",16.69873778557448,blended,0.2407476635514018,17.00625954492109,16.402159370823533,15.8676533698974,16.121414806949733,15.96837379680547,7.0,17.94285714285714,0.298780487804878,0.2965784147509467,-3.2057242443199065,13.923623556111746,2.7751142294627336,5.8,1.1559826312065544,HIGH
527048,"Pérez, Martín",8.209512442286465,blended,0.329873980726464,8.153261795039564,8.737286826665564,7.603052962209956,7.706941125438474,8.070455375914177,4.0,12.075,0.1696428571428571,-0.5277743843790983,-8.844167186791653,8.28518061364,-0.0756681713535343,5.2,-0.7090459383753446,LOW
542881,"Anderson, Tyler",7.7711651009237315,2025_only,0.0,7.752220021828428,7.752220021828428,8.264716629167259,8.74078330906594,8.544174675473343,,,,0.0189450790953031,-9.167723464528413,7.961624335903242,-0.1904592349795102,,,NORMAL
543135,"Eovaldi, Nathan",13.88119783897922,blended,0.2460815047021943,15.0898369180397,13.625398626695464,14.615621947479404,15.056686547350116,14.501981247370544,7.0,10.128571428571428,0.2254335260115607,0.2557992122837564,-4.7795537165561,12.349794083875553,1.5314037551036677,5.6,0.4290690656467156,NORMAL
543243,"Gray, Sonny",11.797524813295292,blended,0.1252408477842004,12.428694293373876,11.386617244922656,12.8219796659152,13.117069647500536,12.75426399504516,5.0,6.339999999999999,0.13,0.410907568372636,-6.508392405763079,10.620955394668574,1.176569418626718,5.066666666666666,-0.48401919856199305,LOW
543294,"Hendricks, Kyle",9.892922191684434,2025_only,0.0,10.410789242349312,10.410789242349312,11.306845912631577,10.13667589454828,11.44268110031132,,,,-0.5178670506648775,-7.821537886360613,9.30780991407104,0.5851122776133941,,,NORMAL
547179,"Lorenzen, Michael",8.86306879760973,blended,0.2096829185134674,9.051263966082066,8.663620081263225,9.348776560613354,9.426104669971336,9.44975695958894,7.0,2.4142857142857124,0.1463414634146341,0.1994487163465041,-8.846149762182234,8.283198038249418,0.5798707593603112,4.666666666666667,-0.39310492754375587,NORMAL
554430,"Wheeler, Zack",18.20755738022433,2025_only,0.0,18.474507383743173,18.474507383743173,16.508507638683053,17.37459963497387,16.562791704123505,,,,-0.2669500035188434,-1.7211849104997707,15.408162889931882,2.799394490292448,5.2,0.8324521895277268,HIGH
571510,"Boyd, Matthew",11.680941101814376,blended,0.1353478124016367,11.389273321136953,11.454402076631403,11.694579508412204,11.32178573539555,11.65294991317313,5.0,10.2,0.31,0.2265390251829711,-6.805108835074088,10.324238965357566,1.3567021364568106,4.533333333333333,0.7650079820451637,HIGH
571578,"Corbin, Patrick",8.15229752242748,blended,0.1314553990610328,8.986715487173747,8.741920867839513,9.256684808075928,9.651328797787611,9.40072431259274,5.0,8.6,0.1923076923076923,-0.5896233454120328,-8.43621527711891,8.693132523312743,-0.5408350008852629,4.466666666666667,-0.37435335255540475,NORMAL
571760,"Heaney, Andrew",6.481897547992388,2025_only,0.0,6.784734939875718,6.784734939875718,6.729414399618402,6.5890077719216,6.964389412959186,,,,-0.3028373918833296,-10.558944450563692,6.570403349867961,-0.0885058018755726,,,NORMAL
571927,"Matz, Steven",8.218961228311732,2026_only,1.0,,8.461250899455402,,,,,,,-0.2422896711436699,-8.633339277515807,8.496008522915846,-0.2770472946041131,5.2,0.3062018503662078,NORMAL
571945,"Mikolas, Miles",7.13998977820588,blended,0.1614969656102494,7.586780417258376,7.624716837981575,7.577601358318128,7.320359879595285,7.557502340498583,5.0,1.019999999999999,0.1484375,-0.4847270597756949,-9.890891903119874,7.238455897311779,-0.0984661191058986,4.266666666666667,-0.30736421737208297,NORMAL
579328,"Kikuchi, Yusei",9.810846166731476,blended,0.1542437431991294,9.442034962311345,9.455010916515027,9.356887095523216,9.678050271369274,9.433081531687378,7.0,6.6,0.2323943661971831,0.3558352502164492,-7.284268404395616,9.845079396036038,-0.0342332293045615,4.866666666666667,0.42138421976708645,NORMAL
592332,"Gausman, Kevin",12.957823947690189,blended,0.170398689240852,12.170073187260629,12.251511589464409,12.847371760305332,13.46908238015032,12.685898519035035,7.0,15.028571428571428,0.2484472049689441,0.7063123582257784,-5.772068366598019,11.357279433833634,1.6005445138565548,5.8,0.6878344051553839,HIGH
592662,"Ray, Robbie",11.954531812247684,blended,0.1812366737739872,12.127836167347231,11.854150386249325,11.866847697094146,12.487517357806478,11.978035042788193,7.0,14.385714285714284,0.2531645569620253,0.1003814259983588,-5.5142345487046605,11.615113251726992,0.3394185605206914,5.533333333333333,0.22032667863465527,NORMAL
592791,"Taillon, Jameson",11.371430862381157,blended,0.2187129885511251,11.280378681375842,11.170033173665294,12.176822098649389,12.394884812623864,12.039145172069658,6.0,11.199999999999998,0.2183098591549295,0.201397688715863,-6.652486226533511,10.47686157389814,0.8945692884830159,5.4,-0.20052177405455038,NORMAL
592836,"Walker, Taijuan",7.346449920473949,blended,0.1705551086082059,8.883115582389566,8.2588209921172,8.821645218998764,8.784335583226552,9.07220967967618,4.0,-0.9000000000000012,0.1478260869565217,-0.9123710716432516,-8.691448020866758,8.437899779564894,-1.091449859090945,4.533333333333333,-0.3723008587863565,NORMAL
592866,"Williams, Trevor",7.806752944024739,2025_only,0.0,8.952618579041363,8.952618579041363,9.044925230595704,8.495812763437502,8.975903575639482,,,,-1.1458656350166248,-8.431881575978998,8.697466224452654,-0.8907132804279154,,,NORMAL
593958,"Rodriguez, Eduardo",9.002183171930325,blended,0.1755555555555555,9.021519348655684,8.975459037230031,9.286501558358289,9.315439715373426,9.491655896308778,6.0,10.3,0.1538461538461538,0.0267241347002933,-8.051369132887851,9.0779786675438,-0.0757954956134767,5.6,-0.2680589246064187,NORMAL
594798,"deGrom, Jacob",14.428250864990485,blended,0.1665605095541401,14.33897531132926,14.19771401571552,14.303975974452657,14.68316724023442,14.21641286583503,6.0,16.183333333333334,0.3174603174603174,0.2305368492749639,-4.260542835040247,12.868804965391403,1.55944589959908,4.866666666666666,1.0340399577584476,HIGH
596295,"Gomber, Austin",5.716814548829727,2025_only,0.0,6.076636518458211,6.076636518458211,5.941788414123487,6.216903915870873,5.662298924279643,,,,-0.3598219696284843,-11.208284068823446,5.921063731608207,-0.2042491827784802,,,NORMAL
601713,"Pivetta, Nick",12.974713755527674,blended,0.0901561006690028,11.647788618457136,12.15698966316702,11.79333433971757,11.725720087505357,11.803146486512992,4.0,10.7,0.3636363636363636,0.8177240923606544,-5.39407503063731,11.735272769794342,1.2394409857333315,4.6,0.4595595305825093,HIGH
605135,"Bassitt, Chris",10.028764631127292,blended,0.1582071831403977,10.540188005326996,10.0534403680104,10.30851460404213,10.449547541997635,10.21981796739482,6.0,3.0333333333333314,0.125,-0.0246757368831058,-7.485900246235152,9.6434475541965,0.3853170769307912,4.2,-1.4922663984651432,LOW
605280,"Holmes, Clay",9.987550203017792,blended,0.1855123674911661,10.077800948805749,10.281309032371883,10.279682120960276,,10.486214327935874,7.0,16.11428571428571,0.1845238095238095,-0.2937588293540916,-7.498071892754815,9.631275907676836,0.3562742953409543,6.066666666666667,0.31820795569400223,NORMAL
605288,"Houser, Adrian",9.612947148196248,blended,0.2077051926298157,9.760559593775625,8.760931101093394,10.514034599514783,10.038062883900848,10.347756574416945,6.0,1.7999999999999985,0.1048951048951049,0.852016047102854,-8.79014010806427,8.339207692367383,1.2737394558288653,4.933333333333334,-0.536607422218952,LOW
605400,"Nola, Aaron",11.254829211081365,blended,0.2582781456953642,11.296698210827453,10.894639206811132,11.747874692854026,12.076579347973013,11.923842157430546,6.0,7.716666666666665,0.25,0.3601900042702333,-6.553720888270597,10.575626912161056,0.679202298920309,5.266666666666667,0.2503480698644522,NORMAL
605483,"Snell, Blake",13.69539550548136,2025_only,0.0,14.9493702950554,14.9493702950554,13.656898066122103,13.790887945028093,14.117321330906371,,,,-1.2539747895740412,-3.683529839210305,13.445817961221348,0.2495775442600116,,,NORMAL
605488,"Springs, Jeffrey",9.972252419227072,blended,0.1768275065010112,10.30276567052903,10.972048271165631,10.444255418035365,9.789323495207457,10.59724901420752,7.0,12.214285714285712,0.2215189873417721,-0.9997958519385596,-7.013946917917801,10.115400882513851,-0.1431484632867796,6.066666666666667,0.4689535924587245,HIGH
605540,"Woodruff, Brandon",16.532343134770386,blended,0.3029645697758496,19.3858260324182,16.420780987957194,17.418770162718843,17.988013291034907,17.391617221362488,6.0,10.616666666666664,0.2049180327868852,0.1115621468131919,-2.3722972485256664,14.757050551905987,1.7752925828643988,5.533333333333333,0.6527284290131364,HIGH
607067,"Rea, Colin",9.897265565888052,blended,0.1784904437965662,9.470629098779296,9.56028521109105,10.039050513690974,10.357504887259688,9.972888956105177,4.0,9.775,0.2112676056338028,0.3369803547970011,-7.67575834362361,9.453589456808045,0.443676109080009,5.533333333333333,0.8248389260802359,HIGH
607074,"Rodón, Carlos",13.580300353868124,2025_only,0.0,13.956976246381142,13.956976246381142,13.497489236498405,13.786002878842982,13.663451168211196,,,,-0.3766758925130187,-4.553570728942885,12.575777071488767,1.0045232823793562,,,NORMAL
607192,"Glasnow, Tyler",14.096454348314111,blended,0.2827452875785403,13.780927932361218,14.552913536080858,12.35428791442355,13.44458839710354,12.533413587171962,6.0,19.9,0.3263888888888889,-0.4564591877667467,-3.351885485673628,13.777462314758026,0.3189920335560856,6.6,0.9477245640006732,HIGH
607200,"Fedde, Erick",6.808692287342208,blended,0.1796821008984105,7.010944563807311,7.770133276390298,6.406057938087929,6.965918336837675,6.512568281429392,4.0,11.349999999999998,0.1641791044776119,-0.9614409890480902,-9.622873845042465,7.50647395538919,-0.6977816680469813,4.733333333333333,-0.7474959926228694,LOW
607259,"Martinez, Nick",9.67932620927353,blended,0.1670967741935483,10.009255285569346,10.092539978587372,10.111774318477565,9.57808645528136,10.308472085715906,6.0,15.999999999999998,0.1632653061224489,-0.4132137693138418,-8.360766552617463,8.76858124781419,0.91074496145934,5.933333333333334,0.2643473556191588,NORMAL
607536,"Freeland, Kyle",9.32746516458429,blended,0.1463832704833733,8.239891422539571,8.549224543105574,9.18760836329912,9.049427288029586,8.982654018635,5.0,8.499999999999998,0.2162162162162162,0.7782406214787159,-8.441359858358949,8.687987942072704,0.6394772225115855,5.333333333333333,0.32711463789501605,NORMAL
607625,"Lugo, Seth",9.320993643850812,blended,0.2162606978275181,8.474025757850173,8.898304521309676,7.844766506044002,8.323797480330754,7.897660814669186,7.0,14.4,0.2114285714285714,0.4226891225411364,-8.438497098320072,8.69085070211158,0.6301429417392317,6.133333333333334,0.7147403394634465,HIGH
608331,"Fried, Max",13.849870683473368,blended,0.1785525620707871,13.114221695133672,13.643715202296914,12.932332749807994,13.533549716913289,12.844634817499728,7.0,17.085714285714285,0.2191011235955056,0.2061554811764541,-5.385965337176247,11.743382463255406,2.106488220217962,6.666666666666667,0.3406359041972966,NORMAL
608337,"Giolito, Lucas",8.465183534559571,2025_only,0.0,8.09118663144516,8.09118663144516,8.212150952778304,8.894823406833972,8.356589017791102,,,,0.3739969031144117,-8.841553464562379,8.287794335869274,0.1773891986902978,,,NORMAL
608372,"Sugano, Tomoyuki",6.331560930147432,blended,0.1673139158576052,6.353862974787699,6.564127478647121,6.38265992823432,,6.467987436221309,6.0,11.233333333333333,0.1603053435114503,-0.2325665484996895,-10.616788253973558,6.512559546458094,-0.1809986163106627,5.266666666666667,-0.4104684756967716,NORMAL
608379,"Wacha, Michael",9.947394639838556,blended,0.1738456770994731,9.655725827445156,9.69380654710553,10.08636905733081,10.469786784645205,10.111183053494862,6.0,14.316666666666665,0.2229729729729729,0.2535880927330272,-7.749015172585787,9.380332627845863,0.5670620119926912,6.466666666666667,0.6361127063168627,HIGH
608566,"Márquez, Germán",5.449198367790959,blended,0.193287037037037,5.937684803632077,6.232995855553385,5.777100509012636,6.160346185819138,5.99671153350092,6.0,4.899999999999998,0.1472868217054263,-0.7837974877624267,-10.7856895692927,6.343658231138953,-0.8944598633479943,4.733333333333333,-0.31812256550062207,NORMAL
615698,"Quantrill, Cal",6.491706068289789,2025_only,0.0,6.438073926339148,6.438073926339148,6.593935425612088,6.789452941623333,6.732139741955947,,,,0.0536321419506409,-10.280535404015026,6.848812396416626,-0.3571063281268376,,,NORMAL
621107,"Eflin, Zach",9.066116584435209,2025_only,0.0,8.807073773919678,8.807073773919678,9.74019237826672,9.603490361663887,9.780108451728994,,,,0.2590428105155311,-9.163968034530486,7.965379765901167,1.1007368185340418,3.6666666666666665,-0.6996839193302291,LOW
621111,"Buehler, Walker",8.065359774623277,blended,0.1744536548605877,7.575166354776181,8.003747708595924,7.221660740836947,6.880158780272168,7.167730368063314,6.0,6.399999999999999,0.2105263157894736,0.0616120660273527,-8.561604640512869,8.567743159918784,-0.5023833852955075,4.0,-0.3523359328649645,NORMAL
621121,"McCullers Jr., Lance",8.626549979508454,blended,0.3184789067142008,8.68905769685096,9.55481405216901,7.533214024446894,7.798785109187492,7.613844245811579,6.0,8.549999999999997,0.2462686567164179,-0.9282640726605572,-7.00495004597483,10.124397754456822,-1.4978477749483687,5.0,-0.3890606324449852,NORMAL
621244,"Berríos, José",9.501759657669368,2025_only,0.0,8.793559817834998,8.793559817834998,9.099923874050758,9.522278670951968,8.996888660043524,,,,0.7081998398343696,-8.495445193551136,8.633902606880516,0.8678570507888512,,,NORMAL
622491,"Castillo, Luis",10.14032204712249,blended,0.1811455193203617,10.47516929873876,9.57775101187104,11.094333911019516,11.129154066678078,10.966840607285494,7.0,3.2428571428571424,0.186335403726708,0.5625710352514499,-7.956952283281881,9.172395517149772,0.9679265299727184,4.266666666666667,-0.11980450982626407,NORMAL
622608,"Senzatela, Antonio",2.376655198794044,2025_only,0.0,4.0422156025046,4.0422156025046,3.302431629858805,3.2665363548844795,3.2528123715733868,,,,-1.6655604037105558,-12.960332292394067,4.169015508037585,-1.7923603092435414,,,NORMAL
622663,"Severino, Luis",9.490431136532582,blended,0.1958247574242869,8.618707577466386,8.961320064670726,8.727654212786838,9.08112619887014,8.887625410331552,7.0,10.314285714285711,0.2469135802469135,0.5291110718618555,-8.284921557019182,8.844426243412471,0.6460048931201108,5.2,0.1302069854879341,NORMAL
624133,"Suarez, Ranger",13.27068668801816,blended,0.1914893617021276,13.287775506476809,12.745723873711874,13.603964988895491,13.235987011640065,13.685302693900296,7.0,14.057142857142855,0.2162162162162162,0.524962814306285,-5.79280585226821,11.336541948163443,1.934144739854716,5.933333333333334,0.1861403022430991,NORMAL
625643,"López, Reynaldo",8.662746995369544,2026_only,1.0,,8.939484306397494,,,,,,,-0.2767373110279507,-7.591104601796532,9.53824319863512,-0.8754962032655769,4.866666666666667,-0.45803116445635567,LOW
640455,"Manaea, Sean",12.20180986849956,2025_only,0.0,11.4204135122698,11.4204135122698,11.731903971671896,12.130822020237051,11.740430041165656,,,,0.7813963562297594,-5.9546857535290805,11.174662046902572,1.0271478215969871,,,NORMAL
641154,"López, Pablo",11.986604303745745,2025_only,0.0,11.465767649580084,11.465767649580084,11.762848697128868,12.174183329849958,11.970919093794244,,,,0.5208366541656613,-6.540773418583006,10.588574381848646,1.3980299218970984,,,NORMAL
641778,"Lauer, Eric",10.178269673839951,blended,0.2143189214318921,11.444960452232303,10.263435485037974,11.63116056481772,11.621132632241672,11.564039164568989,5.0,4.899999999999999,0.1626016260162601,-0.0851658111980206,-6.505176371956113,10.62417142847554,-0.4459017546355888,4.333333333333333,-0.6415086967190097,LOW
641793,"Littell, Zack",8.148703803018947,blended,0.1555219364599092,9.0731044093585,7.824856115322966,9.938842411505483,9.712249632415425,10.022065373612978,5.0,-1.2000000000000004,0.1133333333333333,0.3238476876959808,-9.554531828936788,7.574815971494864,0.5738878315240825,4.866666666666667,-0.07246040590656071,NORMAL
641816,"Mahle, Tyler",9.741626957729425,blended,0.3095,10.015794322036625,9.860499580254526,10.384506855118437,10.392678105555156,10.52886399237309,7.0,8.228571428571428,0.2151898734177215,-0.1188726225251031,-7.220994931507017,9.908352868924634,-0.1667259111952095,5.2666666666666675,-0.1664454716487649,NORMAL
641927,"Ober, Bailey",10.007929605041234,blended,0.2043228638973319,9.74074305878347,10.043288299557796,10.63266412231268,10.836104548921632,10.718293688050734,7.0,10.899999999999997,0.1835443037974683,-0.035358694516562,-7.455737456251295,9.673610344180355,0.3343192608608767,5.533333333333333,0.046709149062386456,NORMAL
642547,"Peralta, Freddy",13.117625292452711,blended,0.1740641711229946,13.554466645123023,13.249449758831194,12.883052663811917,13.394169465955722,12.84367325702777,7.0,14.07142857142857,0.2560975609756097,-0.1318244663784824,-4.361884820884294,12.76746297954736,0.3501623129053524,5.466666666666667,0.2538261228026157,NORMAL
645261,"Alcantara, Sandy",10.74217163050601,blended,0.1880437833286556,8.939020469653538,9.821702418359084,9.63830493558529,10.348020297138197,9.602694394615318,7.0,13.7,0.160621761658031,0.9204692121469265,-7.975393461442042,9.15395433898961,1.5882172915164006,6.8,0.4584092928869574,HIGH
647336,"Soroka, Michael",11.44248611180283,blended,0.2636144578313253,12.701756803341866,11.537226132181631,12.121264697972922,12.432289912923723,12.420384516662208,6.0,9.333333333333332,0.2627737226277372,-0.0947400203788007,-5.804413323870996,11.324934476560657,0.1175516352421741,5.4,0.98973242491812,HIGH
650633,"King, Michael",10.414026476134053,blended,0.3463806970509383,10.85767822716647,10.980690419881244,10.661418697396565,10.75569912140715,10.96098180457376,7.0,14.228571428571428,0.24375,-0.5666639437471925,-6.516684322475515,10.612663477956136,-0.1986370018220835,5.6,0.18937944053033062,NORMAL
650644,"Civale, Aaron",9.508810482795411,blended,0.2624472573839662,10.430558220175534,10.149630616454075,10.352611349467985,9.92437382187848,10.62117921143813,7.0,10.514285714285714,0.1635220125786163,-0.6408201336586643,-7.464316261781138,9.665031538650512,-0.1562210558551022,4.933333333333334,-0.26587369510207454,NORMAL
650911,"Sánchez, Cristopher",15.563619724403708,blended,0.1830231246474901,15.958584585034584,15.468754794548644,15.65345243047926,15.85929967470984,15.470310130835646,7.0,12.557142857142852,0.2777777777777778,0.0948649298550634,-4.639764369046198,12.489583431385457,3.0740362930182528,5.4,0.9038375873043935,HIGH
656288,"Canning, Griffin",9.202797997227922,2025_only,0.0,9.439207093256307,9.439207093256307,9.613522372996808,9.75188569936394,9.76919597203925,,,,-0.2364090960283853,-7.608949713778124,9.520398086653527,-0.317600089425607,4.533333333333333,-0.30817153139997006,NORMAL
656302,"Cease, Dylan",14.061481479394002,blended,0.1882978723404255,13.997525700936468,14.133843515403257,13.35110079951174,13.907317521278516,13.394232410338526,7.0,13.757142857142854,0.3313253012048193,-0.0723620360092542,-3.844775442100384,13.28457235833127,0.776909121062733,5.066666666666666,0.284845718365809,NORMAL
656427,"Flaherty, Jack",11.397167753983084,blended,0.1729871645274212,11.980952698485831,11.316255317414086,11.879946517939686,12.282452552836707,11.85831844213803,7.0,4.928571428571428,0.2198581560283688,0.0809124365689974,-5.615972456928838,11.513375343502815,-0.1162075895197318,4.066666666666667,-0.5922571228383676,LOW
656550,"Holmes, Grant",10.469798907582012,blended,0.2268445839874411,9.98000127110598,10.032260991837346,10.109555120024403,,10.168106705393164,7.0,9.314285714285711,0.18125,0.4375379157446666,-6.820801575556277,10.308546224875377,0.1612526827066371,5.466666666666667,-0.2532989421030934,NORMAL
656605,"Keller, Mitch",10.350653358919532,blended,0.1766561514195583,9.530043214396086,9.839703978987558,9.78307908695805,9.995008038866088,9.63476583323172,7.0,13.27142857142857,0.1840490797546012,0.510949379931974,-7.389017719027138,9.740330081404515,0.6103232775150165,5.333333333333334,-0.0670894185056869,NORMAL
656731,"Megill, Tylor",12.36501828462664,2025_only,0.0,12.213595453822192,12.213595453822192,11.74015483589079,11.98721983099866,11.971075947030323,,,,0.1514228308044476,-4.597404555937276,12.531943244494377,-0.1669249598677371,,,NORMAL
656849,"Peterson, David",10.068414287697015,blended,0.1537257357545397,9.589602093811749,9.45492419346427,9.852037837967382,10.383457611653425,9.684504608345122,5.0,4.4,0.2,0.6134900942327466,-7.681314619431185,9.448033181000469,0.6203811066965468,4.2,-0.31082122846187094,NORMAL
656876,"Rasmussen, Drew",12.352625661514889,blended,0.1748575498575498,12.150068718612095,12.556830282765551,12.722014700738354,12.450102350197438,12.851823249377368,6.0,14.199999999999998,0.2622950819672131,-0.204204621250664,-4.953284957584343,12.176062842847308,0.1765628186675805,5.133333333333333,0.307527936369627,NORMAL
657277,"Webb, Logan",13.248289327734447,blended,0.1508408796895213,12.896176415007506,12.293465400063786,13.474108954549822,13.848349512684615,13.131994598307791,6.0,12.6,0.191358024691358,0.9548239276706614,-6.297512985577678,10.831834814853972,2.416454512880474,6.4,0.37508859884120044,NORMAL
657376,"Schmidt, Clarke",14.26893722968445,2025_only,0.0,14.624959433133508,14.624959433133508,13.953692910867218,13.9027127897888,13.879555491097284,,,,-0.3560222034490579,-4.35956189020656,12.769785910225092,1.499151319459358,,,NORMAL
657746,"Ryan, Joe",13.556431365660792,blended,0.1854439592430858,13.30916988422392,13.20035298874624,12.82730666673506,13.167968059020293,12.79200369391766,7.0,11.614285714285712,0.2531645569620253,0.356078376914553,-4.7609936230843,12.368354177347353,1.1880771883134391,5.4,0.4500821463091477,HIGH
660271,"Ohtani, Shohei",15.04577055408059,blended,0.3858075040783034,18.384430387938096,17.683035579437774,15.841409870070398,16.79397240287491,15.865898814059369,5.0,19.4,0.2857142857142857,-2.637265025357184,-1.2905035838703869,15.838844216561268,-0.7930736624806762,6.0,0.8966673926595092,HIGH
661563,"Gil, Luis",7.248047887075029,blended,0.2578423871461361,8.446921765311231,8.201986659695821,7.9653844397291325,8.528790438049564,8.099665583363173,4.0,5.174999999999999,0.1058823529411764,-0.9539387726207922,-8.678908852936711,8.450438947494941,-1.2023910604199122,5.2,-1.0304365329531604,LOW
663362,"Waldron, Matt",8.319800604549963,2026_only,1.0,,7.620197752763062,,,,,,,0.6996028517869011,-9.842526619554013,7.28682118087764,1.032979423672323,4.916666666666666,-0.7861327530204703,LOW
663372,"Feltner, Ryan",3.742347311460686,2026_only,1.0,,3.519528610537608,,,,,,,0.2228187009230784,-11.283408625656705,5.845939174774948,-2.1035918633142616,4.3999999999999995,-0.44414700091976306,NORMAL
663436,"Martin, Davis",8.310686835516591,blended,0.1899930020993702,7.188820799927585,7.810821530314555,7.54933394477985,7.027182174980509,7.60506730785824,6.0,15.816666666666665,0.2291666666666666,0.4998653052020367,-9.139489233181958,7.989858567249694,0.3208282682668972,6.133333333333333,0.5760987330235828,HIGH
663460,"Bubic, Kris",13.811602564024604,blended,0.2596707818930041,14.832263652565295,13.932348154378662,14.411000814438228,14.803399681629887,14.647558731290127,7.0,13.985714285714284,0.2576687116564417,-0.1207455903540584,-4.457622324824103,12.671725475607548,1.1398770884170553,5.4,0.24392551245522998,NORMAL
663554,"Mize, Casey",11.976152655161895,blended,0.1671378091872791,11.911753669399694,12.099022735600666,12.401161090995966,12.392463757640344,12.307901589425931,6.0,13.0,0.2713178294573643,-0.122870080438771,-5.484703261337738,11.644644539093914,0.3315081160679813,5.533333333333333,0.48854481879081524,HIGH
663556,"McClanahan, Shane",12.010240641879278,2026_only,1.0,,11.58552950475794,,,,,,,0.4247111371213385,-5.800981590416097,11.328366210015556,0.6818744318637222,4.6,0.04263617971523906,NORMAL
663559,"Falter, Bailey",7.502538554670638,2025_only,0.0,8.15755495083218,8.15755495083218,8.045411420911671,8.221697078736545,8.193620620748721,,,,-0.6550163961615425,-8.539919934566228,8.589427865865424,-1.0868893111947866,,,NORMAL
663567,"Lambert, Peter",15.723424511269116,2026_only,1.0,,16.51065163843582,,,,,,,-0.7872271271667035,-2.461148068900393,14.66819973153126,1.0552247797378556,4.833333333333333,0.14562538162882335,NORMAL
663623,"Irvin, Jake",7.692607560556866,blended,0.1731200897867564,7.308052146339897,7.742316956328257,6.916404389645431,7.44893742558104,7.085416117568734,7.0,9.77142857142857,0.2532467532467532,-0.0497093957713916,-9.749462720075478,7.379885080356175,0.3127224802006907,4.933333333333333,0.25420905357249096,NORMAL
663855,"Hicks, Jordan",8.883632280386546,2025_only,0.0,9.388607590952876,9.388607590952876,9.37838559246808,9.552714052564848,9.47545585022104,,,,-0.5049753105663299,-7.928006640669158,9.201341159762496,-0.3177088793759495,,,NORMAL
663903,"Singer, Brady",9.297783604609744,blended,0.1649575153823615,10.615834584913888,9.676322584546664,10.287961537068664,10.97861845641862,10.36386808315812,7.0,3.7857142857142847,0.1298701298701298,-0.3785389799369216,-7.685940286152041,9.443407514279611,-0.145623909669867,4.866666666666666,-0.23153805909196234,NORMAL
663978,"Paddack, Chris",8.100666684864208,blended,0.1856553475087274,7.2778725754923315,7.593940970001224,8.163103498357755,8.178700434570278,8.136942984293409,6.0,1.9666666666666648,0.184931506849315,0.5067257148629842,-8.972366863679301,8.156980936752351,-0.0563142518881427,4.666666666666667,0.23135131156860975,NORMAL
664285,"Valdez, Framber",12.277911323514274,blended,0.1795016987542468,11.95857938993728,11.7587151567528,11.960806179721564,12.490217708024035,12.168996497360997,7.0,12.01428571428571,0.1849710982658959,0.5191961667614748,-6.800007934795811,10.32933986563584,1.9485714578784328,5.666666666666667,0.022911303129360256,NORMAL
665152,"Kremer, Dean",11.22306377128556,2025_only,0.0,10.857483237715696,10.857483237715696,11.39041209166498,11.360454073211535,11.478670004187864,,,,0.3655805335698634,-6.890945070729567,10.238402729702086,0.9846610415834736,4.6,0.03273851013669571,NORMAL
665795,"Cabrera, Edward",11.72325112949631,blended,0.1956444127097465,11.76731255955212,11.701543063914936,11.839201789944555,11.761155943936403,12.06868855966488,6.0,11.533333333333331,0.1944444444444444,0.0217080655813735,-5.976361008443382,11.15298679198827,0.5702643375080392,5.666666666666667,-0.1752221969579806,NORMAL
665871,"Assad, Javier",5.377604703042319,2026_only,1.0,,6.496290379911535,,,,,,,-1.118685676869216,-11.031913968659463,6.097433831772189,-0.7198291287298701,4.933333333333334,-0.38393697902474005,NORMAL
666142,"Ragans, Cole",14.086008036544314,blended,0.35,18.947215312369984,14.452543162572647,15.890508397315834,16.680987985747212,16.08186159845944,6.0,10.699999999999998,0.2949640287769784,-0.3665351260283334,-2.77845411735973,14.350893683071924,-0.2648856465276097,5.066666666666666,0.2086120480673633,NORMAL
666157,"Lodolo, Nick",12.855544935638209,2025_only,0.0,12.930664448963904,12.930664448963904,13.21324656243307,13.02594108120812,13.28692551358944,,,,-0.0751195133256956,-5.754820307806657,11.374527492624996,1.4810174430132133,,,NORMAL
666200,"Luzardo, Jesús",14.434344107142367,blended,0.1822620016273393,14.802643221633373,14.799318689432004,14.32376019022431,14.734631516919302,14.573417334972408,7.0,12.999999999999998,0.2947976878612717,-0.3649745822896353,-4.469338652947561,12.660009147484091,1.774334959658276,5.533333333333333,0.8230151657629273,HIGH
666214,"Wentz, Joey",8.609586518600462,2025_only,0.0,8.891686897236333,8.891686897236333,9.120085024477667,8.787047782939837,9.140740175521673,,,,-0.2821003786358709,-7.432691558671497,9.696656241760156,-1.0870697231596935,,,NORMAL
667755,"Soriano, José",11.398844024963848,blended,0.1935110081112398,10.921529457679654,11.620958550905328,10.78758804653959,10.917297184325568,10.896125312114613,7.0,20.085714285714285,0.298780487804878,-0.22211452594148,-6.442631204870389,10.686716595561265,0.7121274294025834,6.266666666666667,0.7561802066940637,HIGH
668678,"Gallen, Zac",10.240637467057914,blended,0.1549030172413793,10.357556181473552,9.780889905900963,10.626748256405634,10.75116645637657,10.647849435832972,7.0,6.499999999999999,0.1418439716312056,0.4597475611569503,-7.702389032367148,9.426958768064504,0.8136786989934084,4.8,-0.5439704342513912,LOW
668881,"Greene, Hunter",16.578561116076184,2025_only,0.0,16.357758096278253,16.357758096278253,15.60701045716139,16.28512506257536,15.616925816057918,,,,0.2208030197979305,-2.906654521912734,14.222693278518918,2.355867837557266,,,NORMAL
668909,"Williams, Gavin",11.382927842298448,blended,0.1841004184100418,10.569148690067314,11.059383389581296,10.16727898664383,10.28253768552002,10.270363398211208,7.0,17.099999999999998,0.3099415204678362,0.3235444527171527,-6.036893881054217,11.092453919377435,0.2904739229210129,6.066666666666667,0.9912873773776537,HIGH
669022,"Gore, MacKenzie",11.30791599826332,blended,0.1862009237875288,10.482287302269766,10.502485831121565,10.524230164312645,10.8921254017124,10.548836526015108,7.0,11.057142857142855,0.2980132450331126,0.8054301671417541,-5.989027316804799,11.140320483626857,0.1675955146364653,5.133333333333334,0.6160011369073725,HIGH
669160,"May, Dustin",9.630400156052756,blended,0.2136936936936937,8.395447099058613,8.702377728813884,8.131183634747734,7.404353810601089,8.069084710401059,7.0,5.585714285714284,0.1582278481012658,0.9280224272388704,-8.450648553642726,8.678699246788927,0.9517009092638292,4.8,-0.0456344573473231,NORMAL
669194,"Nelson, Ryne",10.142937272922076,blended,0.1831125827814569,10.474195927226091,9.518969803606806,11.018053061722426,11.1389535335426,10.97717209436558,6.0,9.716666666666669,0.1958041958041958,0.6239674693152697,-7.3748794261228765,9.754468374308775,0.3884688986133007,5.066666666666667,0.10327814365248526,NORMAL
669203,"Burnes, Corbin",12.511802481167988,2025_only,0.0,11.699990697130644,11.699990697130644,12.022363666537808,12.36114138304668,12.129627523286828,,,,0.811811784037344,-6.214860484439817,10.914487315991837,1.5973151651761537,,,NORMAL
669302,"Gilbert, Logan",15.036439276635209,blended,0.2297249017506252,16.245342565885167,14.984394105021494,14.975698486343187,16.240084998468124,14.745814423345578,7.0,11.3,0.2407407407407407,0.0520451716137131,-3.1463052231988264,13.983042577232826,1.0533966994023825,5.333333333333334,0.341629938336051,NORMAL
669358,"Baz, Shane",12.040736584661447,blended,0.1735436893203883,11.773147220126448,11.424918335298434,11.898696448322788,12.39255021740918,11.984328930116313,6.0,8.666666666666666,0.1933333333333333,0.6158182493630147,-5.925206470811647,11.204141329620006,0.8365952550414413,5.533333333333333,0.054436975707076694,NORMAL
669372,"Ginn, J.T.",10.935617189977076,blended,0.2318911035488575,12.181702003033614,11.92323810737399,11.659671317506447,,11.822521833618625,5.0,8.939999999999998,0.1869918699186991,-0.9876209173969156,-5.797544835942569,11.331802964489084,-0.3961857745120074,4.333333333333334,-0.5408877977656057,LOW
669373,"Skubal, Tarik",18.0133446971269,blended,0.180379746835443,18.51834204274776,17.42753826589326,17.426799589258703,18.186861539395387,17.447416010436935,7.0,17.142857142857142,0.2710843373493976,0.5858064312336388,-2.609683496757314,14.51966430367434,3.4936803934525607,6.066666666666667,1.1004432437329579,HIGH
669387,"Mlodzinski, Carmen",9.59730710337822,blended,0.2688553682342502,10.456565023477092,10.461992555995025,10.826833499216914,,10.871797769435275,6.0,7.5666666666666655,0.2597402597402597,-0.8646854526168042,-6.745099758724679,10.384248041706972,-0.7869409383287529,4.466666666666667,-0.05942740134958472,NORMAL
669432,"Rogers, Trevor",13.64009203894076,blended,0.2478039759593157,13.292775540171846,12.844291027480452,13.362138716525957,13.364211355972218,13.26802613541656,6.0,7.833333333333331,0.2014925373134328,0.7958010114603091,-5.26849244753904,11.860855352892614,1.7792366860481454,5.666666666666667,0.5140722646772103,HIGH
669461,"Liberatore, Matthew",8.231855742694849,blended,0.1987931612470667,8.44283572372414,8.090781707639378,8.938018925943709,8.80111335049284,8.965250266773019,7.0,6.928571428571428,0.1446540880503144,0.1410740350554711,-8.937774867911326,8.191572932520327,0.0402828101745225,4.866666666666667,-0.2688485921234614,NORMAL
669467,"Pallante, Andre",8.53325360175484,blended,0.1652867218644587,9.1402928580163,9.308156712384712,9.220785293948266,9.37402111904461,9.133550874232553,6.0,9.733333333333333,0.1884057971014492,-0.7749031106298716,-8.006607212078688,9.122740588352965,-0.5894869865981249,5.066666666666667,-0.5799634123852754,LOW
669920,"Alexander, Jason",7.10072359062228,2025_only,0.0,9.142893509571456,9.142893509571456,8.755854981543798,8.517352460393909,8.75439828103707,,,,-2.042169918949176,-8.804913517595713,8.32443428283594,-1.2237106922136594,,,NORMAL
669923,"Kirby, George",13.306093863998187,blended,0.2355311355311355,11.962846538478711,12.355188039503512,12.35036024291506,12.43479185987296,12.174781925940138,7.0,14.057142857142855,0.1910112359550561,0.9509058244946758,-5.679519811259082,11.44982798917257,1.856265874825617,6.6,0.7979730011550399,HIGH
670102,"Francis, Bowden",6.440680127693069,2025_only,0.0,6.256637868072756,6.256637868072756,6.50747069485529,6.978774275570678,6.349266511388747,,,,0.1840422596203126,-9.239551953227108,7.889795847204544,-1.4491157195114752,,,NORMAL
671096,"Abbott, Andrew",11.120036135326588,blended,0.184338817794028,12.251127026926431,10.87038315437898,12.74374827862337,12.853679343829192,12.732779839853311,7.0,5.014285714285713,0.1518987341772152,0.2496529809476086,-6.7407699737905,10.388577826641152,0.7314583086854345,4.333333333333334,-1.0934738779099573,LOW
671106,"Allen, Logan",8.54072254863526,2025_only,0.0,9.254122171953629,9.254122171953629,8.810587240853536,8.893212161343376,8.874317949852987,,,,-0.7133996233183684,-7.924280246234002,9.205067554197653,-0.6643450055623905,,,NORMAL
671212,"Boyle, Joe",8.992220532593276,2026_only,1.0,,9.038002722792584,,,,,,,-0.0457821901993078,-7.590410475404232,9.53893732502742,-0.546716792434145,5.2,0.8470322734330042,HIGH
671737,"Bradley, Taj",10.230720566713003,blended,0.2332784184514003,9.837880011170007,10.098628578149304,9.844729519558909,10.281173417360788,9.98497685113352,7.0,14.757142857142854,0.2528735632183908,0.1320919885636993,-6.645176408671203,10.48417139176045,-0.2534508250474463,5.933333333333334,0.12103039388520649,NORMAL
672282,"Detmers, Reid",15.908423759386103,2026_only,1.0,,15.95127509480957,,,,,,,-0.0428513354234674,-3.5677032555098336,13.56164454492182,2.3467792144642843,5.7333333333333325,0.41902469775121265,NORMAL
672456,"Montero, Keider",10.04359114945526,blended,0.2475752935171005,9.393328765385508,10.242660621434691,10.023825013484954,10.125737437609578,9.98790300329462,6.0,13.166666666666664,0.18796992481203,-0.1990694719794312,-7.30930307585573,9.820044724575922,0.2235464248793377,5.333333333333333,0.21489364527299828,NORMAL
673540,"Senga, Kodai",10.07229833374478,blended,0.1616871704745167,11.022168481844805,10.743674755026596,10.5092519925902,11.13857926097586,10.858057904561914,5.0,1.5799999999999987,0.2371134020618556,-0.6713764212818152,-6.371860032071576,10.757487768360075,-0.6851894346152978,4.333333333333333,-0.3055423237143309,NORMAL
675911,"Strider, Spencer",9.102457739583144,2025_only,0.0,8.70637891135362,8.70637891135362,9.012970541882629,9.59811760244837,9.147744163671884,,,,0.3960788282295251,-7.53136269635105,9.597985104080603,-0.4955273644974589,5.6,-0.33182356693636944,NORMAL
676083,"Junk, Janson",9.817336829408337,blended,0.232371036441079,8.919558344332376,9.404335469787604,10.10938059014731,,9.94545094091326,6.0,11.283333333333331,0.1567164179104477,0.4130013596207327,-8.003579723643627,9.125768076788026,0.6915687526203111,5.266666666666667,-0.1383199827968612,NORMAL
676106,"Hancock, Emerson",8.722250999251036,blended,0.3125603864734299,6.84056721174438,8.065855688310908,7.43468609566338,7.478282548541388,7.1376643457301885,7.0,16.014285714285712,0.28125,0.6563953109401286,-8.808819956937626,8.320527843494027,0.4017231557570095,5.466666666666667,0.2478465183101813,NORMAL
676282,"Cantillo, Joey",11.446877612037854,blended,0.2649303996407723,13.322023691485713,12.491349412286668,12.003255152873887,,12.281110109422396,7.0,9.585714285714284,0.2413793103448276,-1.0444718002488145,-5.017917616475565,12.111430183956088,-0.6645525719182341,5.199999999999999,-0.03192948445021245,NORMAL
676440,"Bibee, Tanner",11.620340153105175,blended,0.1715399610136452,11.854091036536245,11.542665304435124,11.868654864816405,12.175728488438386,11.859224148039877,7.0,9.94285714285714,0.2091503267973856,0.0776748486700515,-6.667391309746436,10.461956490685218,1.1583836624199575,5.0666666666666655,-0.18940457925487852,NORMAL
676664,"Sears, JP",9.57846818414715,2025_only,0.0,9.91713959984476,9.91713959984476,9.886347246836069,10.162383022415188,9.93987998197431,,,,-0.3386714156976094,-7.844161497531053,9.285186302900598,0.2932818812465516,,,NORMAL
676917,"Cavalli, Cade",11.398168388837366,blended,0.4216691068814056,10.947303646551708,11.610297926815964,12.00666784790938,,12.23190921516878,7.0,6.385714285714285,0.2657342657342657,-0.2121295379785976,-6.067474571639789,11.061873228791864,0.336295160045502,3.9333333333333327,-0.19307122342945326,NORMAL
676974,"Meyer, Max",11.105956069781875,blended,0.3619631901840491,9.541023500601549,10.513444856182671,10.086196471564604,10.300127109008654,10.247124442209705,7.0,14.157142857142857,0.2597402597402597,0.5925112135992059,-6.810428467794689,10.318919332636964,0.7870367371449127,5.0,0.4316864222218067,NORMAL
676979,"Crochet, Garrett",16.020393020012506,blended,0.1411828836195148,16.32941138176684,14.825410482612323,15.71399395072726,15.234558700824085,15.77739986897041,6.0,7.333333333333332,0.2681159420289855,1.1949825374001826,-3.858655889256848,13.270691911174804,2.749701108837701,4.799999999999999,0.09862324858934766,NORMAL
677944,"Cecconi, Slade",8.517743653231426,blended,0.2262528047868362,8.438225187955936,8.18574500509734,8.437772181959915,8.002689494266535,8.309824044626426,7.0,4.67142857142857,0.1707317073170731,0.3319986481340855,-9.224864257264889,7.904483543166766,0.61326011006466,5.199999999999999,-0.2934799190064292,NORMAL
677958,"Rocker, Kumar",7.35923404535527,blended,0.297196261682243,6.542588659902263,7.307038257113144,7.841608041208744,,7.649862790714636,6.0,7.583333333333332,0.1889763779527559,0.052195788242126,-8.86495395997217,8.264393840459483,-0.9051597951042138,5.333333333333333,-0.18698317590287541,NORMAL
677960,"Weathers, Ryan",11.09641932837518,2026_only,1.0,,10.339456154857483,,,,,,,0.7569631735176969,-7.272975037101554,9.856372763330098,1.2400465650450825,5.666666666666666,0.9344947834262866,HIGH
678394,"Bello, Brayan",8.33732072680689,blended,0.1574016239850093,9.108811164920985,8.22661090948246,9.243440052030952,9.33094717743667,9.33447061932526,6.0,-0.7500000000000006,0.1278195488721804,0.1107098173244303,-9.17533143689642,7.954016363535233,0.383304363271657,4.333333333333333,-0.7071496208201022,LOW
680573,"Woods Richardson, Simeon",9.015647211167297,blended,0.24,11.251778560924503,9.80277167175324,10.97094340867508,10.537646771629342,11.000066865605406,7.0,1.5999999999999996,0.1049382716049382,-0.7871244605859431,-6.641970805469939,10.487376994961714,-1.4717297837944177,4.866666666666665,-0.8375364691435481,LOW
680694,"Bradish, Kyle",8.395079681926445,2026_only,1.0,,7.796881090534363,,,,,,,0.598198591392082,-8.471892454253176,8.657455346178477,-0.2623756642520316,4.866666666666665,-0.017186819625809552,NORMAL
680730,"Parker, Mitchell",5.95149256225696,2025_only,0.0,5.730920554357812,5.730920554357812,6.222371581697086,6.356161223982601,6.248688351863349,,,,0.2205720078991477,-10.366581539523583,6.762766260908069,-0.8112736986511093,,,NORMAL
680732,"Burke, Sean",9.49671317539034,blended,0.2079866888519135,8.458554071781432,9.421073241050053,8.309798408282024,,8.426589333440527,5.0,9.98,0.2038216560509554,0.0756399343402876,-7.115797041986568,10.013550758445083,-0.5168375830547447,4.866666666666665,-0.017773774388788133,NORMAL
680885,"Schwellenbach, Spencer",14.175175253810982,2025_only,0.0,13.46632236743913,13.46632236743913,14.05423854318116,14.393650529286456,14.105101922789308,,,,0.7088528863718526,-5.46066788966898,11.668679910762672,2.506495343048309,,,NORMAL
681190,"Vásquez, Randy",7.171903295391635,blended,0.2008166295471418,7.25952927550538,7.562031640423523,6.744118493230256,6.710883070443567,6.984666563208368,6.0,13.133333333333333,0.2481751824817518,-0.3901283450318882,-9.54385463680473,7.585493163626923,-0.4135898682352881,5.533333333333333,0.5802361776461934,HIGH
681293,"Arrighetti, Spencer",8.771377333259995,2026_only,1.0,,8.126926118025214,,,,,,,0.6444512152347812,-7.168922817179579,9.960424983252071,-1.1890476499920783,5.999999999999999,0.3428681465618695,NORMAL
681343,"Smith, Shane",10.943244043301435,blended,0.0849697885196374,11.144637626037843,11.092471832679076,10.75255227023596,,10.896572424279173,3.0,-2.866666666666667,0.2244897959183673,-0.1492277893776386,-5.8080637825528125,11.32128401787884,-0.3780399745774048,3.866666666666666,0.3349980612790637,NORMAL
681347,"Burrows, Mike",10.8161346591382,blended,0.2920110192837465,10.735514071443896,10.997638091632403,11.079944124176226,,11.053662028569375,7.0,6.742857142857141,0.2130177514792899,-0.1815034324942033,-5.972748813185481,11.156598987246172,-0.3404643281079718,5.133333333333333,0.47455041361351674,HIGH
681857,"Olson, Reese",10.203074729048836,2025_only,0.0,11.175835584393589,11.175835584393589,11.221089200952616,10.860880441980456,11.514224741487,,,,-0.9727608553447524,-6.610728290867378,10.518619509564274,-0.3155447805154381,,,NORMAL
682052,"Lopez, Jacob",11.438297286560395,blended,0.2552525704067948,12.813761849515329,12.143005834095238,12.060893433854565,,12.14972756107197,6.0,3.9166666666666656,0.1575342465753424,-0.7047085475348407,-5.254299135567882,11.87504866486377,-0.4367513783033754,4.599999999999999,-1.1558639449196393,LOW
682227,"Williamson, Brandon",4.37291627599058,2026_only,1.0,,5.023036235592687,,,,,,,-0.6501199596021072,-10.24758096398542,6.881766836446232,-2.5088505604556524,4.999999999999999,-1.1020873302637677,LOW
682243,"Miller, Bryce",7.905402136081484,2025_only,0.0,7.156987652575408,7.156987652575408,7.817028336212254,8.157604642871389,7.701290746668331,,,,0.7484144835060764,-8.747183430900142,8.38216436953151,-0.4767622334500263,,,NORMAL
682847,"Ortiz, Luis",11.01122927549999,2025_only,0.0,10.136919211123342,10.136919211123342,10.501939472002904,11.281197386104436,10.262413842675617,,,,0.8743100643766475,-6.664493459277842,10.46485434115381,0.5463749343461792,,,NORMAL
683004,"Leiter, Jack",10.260460898698987,blended,0.2014210688909484,9.633271265750649,9.68731511223463,9.462145440457013,,9.522698034235008,7.0,9.457142857142856,0.2621951219512195,0.573145786464357,-6.708629565129709,10.420718235301944,-0.1602573366029567,4.933333333333333,0.11508233202165025,NORMAL
684007,"Imanaga, Shota",11.584527990438849,blended,0.2344827586206896,10.449345584271294,11.4402453283825,11.175433474190926,11.336020993890196,11.296412733434696,7.0,18.057142857142857,0.270440251572327,0.1442826620563462,-6.4950520722147385,10.634295728216914,0.9502322622219346,5.866666666666666,0.5951709709881833,HIGH
686218,"Sheehan, Emmet",13.55582962083432,blended,0.3178571428571428,16.37166279823896,14.224019329096452,14.843754926074023,14.817165395552356,14.945422949793407,6.0,11.016666666666666,0.2727272727272727,-0.6681897082621315,-3.65533965408882,13.474008146342833,0.0818214744914875,5.133333333333333,0.29934220936252437,NORMAL
686563,"Cannon, Jonathan",6.80413615563176,2025_only,0.0,6.943586716221665,6.943586716221665,6.916203272800534,7.001512963805839,6.95439086105157,,,,-0.1394505605899052,-9.707748593659243,7.4215992067724095,-0.6174630511406498,,,NORMAL
686613,"Brown, Hunter",14.094219286904194,2025_only,0.0,14.272523976189111,14.272523976189111,13.841668120793797,14.15503640144035,14.166496424092845,,,,-0.1783046892849178,-4.1131576142107065,13.016190186220946,1.0780291006832474,5.533333333333333,0.24435403386832352,NORMAL
686752,"Pepiot, Ryan",11.058437808206945,2025_only,0.0,10.978563694995858,10.978563694995858,10.981415326436345,10.988405759304026,11.181122092411863,,,,0.0798741132110869,-6.096216482429472,11.03313131800218,0.0253064902047643,,,NORMAL
686799,"Kochanowicz, Jack",6.262298398762715,blended,0.2606466876971609,5.517074759699421,6.668649271604881,5.611525312622232,6.0805977001791645,5.612387989740401,7.0,12.914285714285713,0.1714285714285714,-0.4063508728421663,-10.158475538875042,6.970872261556611,-0.7085738627938962,6.2,0.043229698492150546,NORMAL
687064,"Young, Brandon",8.761916855682726,blended,0.2038917089678511,9.834501531588996,9.02176916815116,10.483103924616506,,10.223052731277075,3.0,1.3999999999999992,0.1176470588235294,-0.2598523124684337,-7.788043548137654,9.341304252293998,-0.5793873966112724,5.266666666666666,-0.2401566310352878,NORMAL
690986,"Harrison, Kyle",14.63717963658732,2026_only,1.0,,13.81819118062422,,,,,,,0.8189884559630993,-4.105597654524013,13.02375014590764,1.61342949067968,4.533333333333333,0.47007333784594946,HIGH
691587,"Pérez, Eury",11.876353026333955,blended,0.2711053089643168,13.926794490420214,12.089786808818648,13.170685048670908,13.40017538063164,13.307400610200917,7.0,9.4,0.2468354430379747,-0.2134337824846923,-4.808579021733358,12.320768778698294,-0.444415752364339,4.799999999999999,-0.08257959296331498,NORMAL
693433,"Woo, Bryan",14.292931862044751,blended,0.1728131667174642,14.503842612487396,13.355248621557504,14.431184843512447,14.327063745653351,14.451091484819356,7.0,10.171428571428567,0.1746987951807229,0.9376832404872476,-5.345619823015939,11.783727977415714,2.509203884629038,5.7333333333333325,0.21574291437582413,NORMAL
693645,"Schlittler, Cam",14.58249307664319,blended,0.3237992444684295,11.398140772708263,13.441489963603813,11.588485301570866,,11.609313417113416,7.0,19.485714285714284,0.3141025641025641,1.1410031130393783,-4.035913757116681,13.093434043314971,1.4890590333282194,5.999999999999999,1.4856554346876747,HIGH
693821,"Elder, Bryce",9.817011052084304,blended,0.1941778630838131,8.813498585520467,9.702093998465704,9.049734542235278,8.676427343979354,9.148390246352143,7.0,14.957142857142856,0.2093023255813953,0.1149170536185995,-7.821182265933618,9.308165534498034,0.5088455175862698,6.2,0.18902747110553172,NORMAL
694297,"Pfaadt, Brandon",8.60635823396781,blended,0.138701146047605,7.440008672579837,7.742821531211933,8.171739131606982,8.284448378958045,8.154443749990607,3.0,6.666666666666664,0.171875,0.8635367027558774,-9.347329048962196,7.782018751469456,0.8243394824983543,5.933333333333332,0.1978117688764276,NORMAL
694477,"Patrick, Chad",10.6046971547144,blended,0.1888083735909823,10.901541081173946,10.512730583268752,11.125480306953804,,11.210437156948336,4.0,12.55,0.1391304347826087,0.0919665714456492,-6.2006896130709,10.928658187360751,-0.3239610326463538,4.466666666666666,-0.3367626321605896,NORMAL
694738,"Roupp, Landen",10.799308803402884,blended,0.2626343016315161,10.634452205055457,11.662182767082388,10.685734256754392,,10.77090767271086,7.0,14.399999999999997,0.26875,-0.8628739636795029,-6.440488531276671,10.688859269154982,0.1104495342479019,5.866666666666665,0.0989944262969138,NORMAL
694819,"Misiorowski, Jacob",14.939304703818005,blended,0.3545706371191136,14.16326535786719,15.3093785200861,13.347235399248238,,13.432144620235114,7.0,17.34285714285714,0.3806451612903225,-0.3700738162680963,-2.192730060436646,14.936617739995008,0.0026869638229971,5.533333333333333,1.1434087410389002,HIGH
694973,"Skenes, Paul",16.616889356661922,blended,0.1545839210155148,17.131341426527285,16.735344818834218,16.111036674463726,16.320768505632252,16.158073179138036,6.0,18.0,0.2932330827067669,-0.1184554621722959,-2.928193575371965,14.201154225059687,2.415735131602234,5.666666666666666,0.6662612654157568,HIGH
700241,"McGreevy, Michael",7.149880856643641,blended,0.2955309947140798,7.917974088303803,7.673957878727196,7.950081328651814,,8.019313997759934,7.0,13.499999999999998,0.1632653061224489,-0.5240770220835547,-10.16682105967729,6.962526740754363,0.1873541158892777,5.266666666666667,-0.5367262415043398,LOW
700249,"Povich, Cade",7.298768190388287,2025_only,0.0,7.666400038663146,7.666400038663146,7.456578656506961,7.204953696128216,7.708660141317296,,,,-0.3676318482748586,-8.412093454011785,8.717254346419868,-1.4184861560315802,5.333333333333333,-0.15314335808877003,NORMAL
701542,"Warren, Will",10.311121004126408,blended,0.1799065420560747,9.98597706202517,10.608192786407976,9.711227521261703,,9.723733513874524,7.0,14.571428571428571,0.3026315789473684,-0.2970717822815683,-6.629418714232597,10.499929086199057,-0.188808082072649,5.199999999999999,0.6456666018742329,HIGH
701581,"Festa, David",8.407703735323711,2025_only,0.0,8.304139163525804,8.304139163525804,9.225446217659709,8.839840535486147,9.319945133147506,,,,0.1035645717979072,-7.046788024460953,10.0825597759707,-1.67485604064699,,,NORMAL
702070,"Cameron, Noah",9.234701988268665,blended,0.1889970059880239,10.728556339170824,9.606169728550851,10.516395510674622,,10.847179302122688,6.0,7.0666666666666655,0.1944444444444444,-0.3714677402821866,-8.066117967024088,9.063229833407563,0.1714721548610995,5.199999999999999,-0.038926931075120186,NORMAL
801403,"Dollander, Chase",9.120161335916134,blended,0.2603993344425956,7.691524827882911,9.293975064990308,7.478498707571227,,7.519097618853362,3.0,13.699999999999998,0.267515923566879,-0.1738137290741743,-7.601900760370371,9.52744704006128,-0.4072857041451456,5.466666666666667,0.12097855715562718,NORMAL
808967,"Yamamoto, Yoshinobu",15.32742925962754,blended,0.1738073533880279,16.372015926093056,15.125540956812944,15.47719796239542,15.244607599763766,15.600738273754503,6.0,15.183333333333332,0.2176870748299319,0.2018883028145968,-3.448149341017838,13.681198459413814,1.6462308002137256,6.3999999999999995,0.43094836309540535,NORMAL
